,fw,fh,sd,bw,bh
0,55.95759963989258,103.67273712158203,114.04601287841797,123.24048614501953,25.297792434692383
